Model,R2 Score,MAE,RMSE
Linear Regression,0.834744073309452,14.1763913868746,19.104196336879046
Decision Tree,0.9590209422150645,4.761184210526316,9.513300937994241
Random Forest,0.9852759107949218,2.562391118421053,5.702489192028106
